100,ashwin,1995-12-15T00:00:00,ash,ash,1234567890,ash@gmail.com
3555,Kavya,1995-12-08T00:00:00,kavya,kavya,9876543210,kavya@gmail.com
4666,sushree,1995-10-15T00:00:00,sushree,sushree,9321876540,sushree@gmail.com
4555,vandana,1970-06-19T00:00:00,vandana,vandana,9562217895,vandana@gmail.com
4321,Lionel,1990-04-07T00:00:00,lionel,lionel,9765432108,lionel@gmail.com
4322,Tim	,1995-03-06T00:00:00,tim	,tim,9865432107,tim@gmail.com
4323,Chirag,1990-02-05T00:00:00,chirag,chirag,9875432106,chirag@gmail.com
4324,Merlyn	,1989-12-04T00:00:00,merlyn,merlyn,9876432105,merlyn@gmail.com
